{"cameraMode":{"drawMode":0,"name":"Shaded","section":"Shading Mode"},"sceneLighting":true,"audioPlay":false,"sceneViewState":{"m_AlwaysRefresh":false,"showFog":true,"showSkybox":true,"showFlares":true,"showImageEffects":true,"showParticleSystems":true,"showVisualEffectGraphs":true,"m_FxEnabled":true},"in2DMode":false,"pivot":{"x":2.6382944583892824,"y":0.327532559633255,"z":5.80964994430542},"rotation":{"x":0.13678888976573945,"y":-0.050497252494096759,"z":0.006984563544392586,"w":0.9892895817756653},"size":6.018973350524902,"orthographic":false}