{"cameraMode":{"drawMode":0,"name":"Shaded","section":"Shading Mode"},"sceneLighting":true,"audioPlay":false,"sceneViewState":{"m_AlwaysRefresh":false,"showFog":true,"showSkybox":true,"showFlares":true,"showImageEffects":true,"showParticleSystems":true,"showVisualEffectGraphs":true,"m_FxEnabled":true},"in2DMode":false,"pivot":{"x":10.653731346130371,"y":-3.0594940185546877,"z":-0.40675628185272219},"rotation":{"x":0.09199284762144089,"y":0.7198187112808228,"z":-0.09743713587522507,"w":0.6811912059783936},"size":6.153146743774414,"orthographic":false}